Class	PixelSum	Percentage %	Area [metre^2]
0	1870162	90.89381217424439	1683145800
1	187362	9.106187825755617	168625800
