Class	PixelSum	Percentage %	Area [metre^2]
0	1871713	90.98064663521714	1684541700
1	185552	9.019353364782855	166996800
