Class	PixelSum	Percentage %	Area [metre^2]
0	1903839	92.51219548935752	1713455100
1	154094	7.487804510642475	138684600
