Class	PixelSum	Percentage %	Area [metre^2]
0	1875932	91.2526140005847	1688338800
1	179825	8.7473859994153	161842500
