Class	PixelSum	Percentage %	Area [metre^2]
0	4236181	91.52805346773007	1694472400
1	392106	8.47194653226993	156842400
