Class	PixelSum	Percentage %	Area [metre^2]
0	4237448	91.55542860673938	1694979200
1	390839	8.444571393260617	156335600
